date,year,quarter,month_num,month,month_name,week,day_of_week
2024-01-01,2024,Q1,1,2024-01,Jan,1,Mon
2024-01-02,2024,Q1,1,2024-01,Jan,1,Tue
2024-01-03,2024,Q1,1,2024-01,Jan,1,Wed
2024-01-04,2024,Q1,1,2024-01,Jan,1,Thu
2024-01-05,2024,Q1,1,2024-01,Jan,1,Fri
2024-01-06,2024,Q1,1,2024-01,Jan,1,Sat
2024-01-07,2024,Q1,1,2024-01,Jan,1,Sun
2024-01-08,2024,Q1,1,2024-01,Jan,2,Mon
2024-01-09,2024,Q1,1,2024-01,Jan,2,Tue
2024-01-10,2024,Q1,1,2024-01,Jan,2,Wed
2024-01-11,2024,Q1,1,2024-01,Jan,2,Thu
2024-01-12,2024,Q1,1,2024-01,Jan,2,Fri
2024-01-13,2024,Q1,1,2024-01,Jan,2,Sat
2024-01-14,2024,Q1,1,2024-01,Jan,2,Sun
2024-01-15,2024,Q1,1,2024-01,Jan,3,Mon
2024-01-16,2024,Q1,1,2024-01,Jan,3,Tue
2024-01-17,2024,Q1,1,2024-01,Jan,3,Wed
2024-01-18,2024,Q1,1,2024-01,Jan,3,Thu
2024-01-19,2024,Q1,1,2024-01,Jan,3,Fri
2024-01-20,2024,Q1,1,2024-01,Jan,3,Sat
2024-01-21,2024,Q1,1,2024-01,Jan,3,Sun
2024-01-22,2024,Q1,1,2024-01,Jan,4,Mon
2024-01-23,2024,Q1,1,2024-01,Jan,4,Tue
2024-01-24,2024,Q1,1,2024-01,Jan,4,Wed
2024-01-25,2024,Q1,1,2024-01,Jan,4,Thu
2024-01-26,2024,Q1,1,2024-01,Jan,4,Fri
2024-01-27,2024,Q1,1,2024-01,Jan,4,Sat
2024-01-28,2024,Q1,1,2024-01,Jan,4,Sun
2024-01-29,2024,Q1,1,2024-01,Jan,5,Mon
2024-01-30,2024,Q1,1,2024-01,Jan,5,Tue
2024-01-31,2024,Q1,1,2024-01,Jan,5,Wed
2024-02-01,2024,Q1,2,2024-02,Feb,5,Thu
2024-02-02,2024,Q1,2,2024-02,Feb,5,Fri
2024-02-03,2024,Q1,2,2024-02,Feb,5,Sat
2024-02-04,2024,Q1,2,2024-02,Feb,5,Sun
2024-02-05,2024,Q1,2,2024-02,Feb,6,Mon
2024-02-06,2024,Q1,2,2024-02,Feb,6,Tue
2024-02-07,2024,Q1,2,2024-02,Feb,6,Wed
2024-02-08,2024,Q1,2,2024-02,Feb,6,Thu
2024-02-09,2024,Q1,2,2024-02,Feb,6,Fri
2024-02-10,2024,Q1,2,2024-02,Feb,6,Sat
2024-02-11,2024,Q1,2,2024-02,Feb,6,Sun
2024-02-12,2024,Q1,2,2024-02,Feb,7,Mon
2024-02-13,2024,Q1,2,2024-02,Feb,7,Tue
2024-02-14,2024,Q1,2,2024-02,Feb,7,Wed
2024-02-15,2024,Q1,2,2024-02,Feb,7,Thu
2024-02-16,2024,Q1,2,2024-02,Feb,7,Fri
2024-02-17,2024,Q1,2,2024-02,Feb,7,Sat
2024-02-18,2024,Q1,2,2024-02,Feb,7,Sun
2024-02-19,2024,Q1,2,2024-02,Feb,8,Mon
2024-02-20,2024,Q1,2,2024-02,Feb,8,Tue
2024-02-21,2024,Q1,2,2024-02,Feb,8,Wed
2024-02-22,2024,Q1,2,2024-02,Feb,8,Thu
2024-02-23,2024,Q1,2,2024-02,Feb,8,Fri
2024-02-24,2024,Q1,2,2024-02,Feb,8,Sat
2024-02-25,2024,Q1,2,2024-02,Feb,8,Sun
2024-02-26,2024,Q1,2,2024-02,Feb,9,Mon
2024-02-27,2024,Q1,2,2024-02,Feb,9,Tue
2024-02-28,2024,Q1,2,2024-02,Feb,9,Wed
2024-02-29,2024,Q1,2,2024-02,Feb,9,Thu
2024-03-01,2024,Q1,3,2024-03,Mar,9,Fri
2024-03-02,2024,Q1,3,2024-03,Mar,9,Sat
2024-03-03,2024,Q1,3,2024-03,Mar,9,Sun
2024-03-04,2024,Q1,3,2024-03,Mar,10,Mon
2024-03-05,2024,Q1,3,2024-03,Mar,10,Tue
2024-03-06,2024,Q1,3,2024-03,Mar,10,Wed
2024-03-07,2024,Q1,3,2024-03,Mar,10,Thu
2024-03-08,2024,Q1,3,2024-03,Mar,10,Fri
2024-03-09,2024,Q1,3,2024-03,Mar,10,Sat
2024-03-10,2024,Q1,3,2024-03,Mar,10,Sun
2024-03-11,2024,Q1,3,2024-03,Mar,11,Mon
2024-03-12,2024,Q1,3,2024-03,Mar,11,Tue
2024-03-13,2024,Q1,3,2024-03,Mar,11,Wed
2024-03-14,2024,Q1,3,2024-03,Mar,11,Thu
2024-03-15,2024,Q1,3,2024-03,Mar,11,Fri
2024-03-16,2024,Q1,3,2024-03,Mar,11,Sat
2024-03-17,2024,Q1,3,2024-03,Mar,11,Sun
2024-03-18,2024,Q1,3,2024-03,Mar,12,Mon
2024-03-19,2024,Q1,3,2024-03,Mar,12,Tue
2024-03-20,2024,Q1,3,2024-03,Mar,12,Wed
2024-03-21,2024,Q1,3,2024-03,Mar,12,Thu
2024-03-22,2024,Q1,3,2024-03,Mar,12,Fri
2024-03-23,2024,Q1,3,2024-03,Mar,12,Sat
2024-03-24,2024,Q1,3,2024-03,Mar,12,Sun
2024-03-25,2024,Q1,3,2024-03,Mar,13,Mon
2024-03-26,2024,Q1,3,2024-03,Mar,13,Tue
2024-03-27,2024,Q1,3,2024-03,Mar,13,Wed
2024-03-28,2024,Q1,3,2024-03,Mar,13,Thu
2024-03-29,2024,Q1,3,2024-03,Mar,13,Fri
2024-03-30,2024,Q1,3,2024-03,Mar,13,Sat
2024-03-31,2024,Q1,3,2024-03,Mar,13,Sun
2024-04-01,2024,Q2,4,2024-04,Apr,14,Mon
2024-04-02,2024,Q2,4,2024-04,Apr,14,Tue
2024-04-03,2024,Q2,4,2024-04,Apr,14,Wed
2024-04-04,2024,Q2,4,2024-04,Apr,14,Thu
2024-04-05,2024,Q2,4,2024-04,Apr,14,Fri
2024-04-06,2024,Q2,4,2024-04,Apr,14,Sat
2024-04-07,2024,Q2,4,2024-04,Apr,14,Sun
2024-04-08,2024,Q2,4,2024-04,Apr,15,Mon
2024-04-09,2024,Q2,4,2024-04,Apr,15,Tue
2024-04-10,2024,Q2,4,2024-04,Apr,15,Wed
2024-04-11,2024,Q2,4,2024-04,Apr,15,Thu
2024-04-12,2024,Q2,4,2024-04,Apr,15,Fri
2024-04-13,2024,Q2,4,2024-04,Apr,15,Sat
2024-04-14,2024,Q2,4,2024-04,Apr,15,Sun
2024-04-15,2024,Q2,4,2024-04,Apr,16,Mon
2024-04-16,2024,Q2,4,2024-04,Apr,16,Tue
2024-04-17,2024,Q2,4,2024-04,Apr,16,Wed
2024-04-18,2024,Q2,4,2024-04,Apr,16,Thu
2024-04-19,2024,Q2,4,2024-04,Apr,16,Fri
2024-04-20,2024,Q2,4,2024-04,Apr,16,Sat
2024-04-21,2024,Q2,4,2024-04,Apr,16,Sun
2024-04-22,2024,Q2,4,2024-04,Apr,17,Mon
2024-04-23,2024,Q2,4,2024-04,Apr,17,Tue
2024-04-24,2024,Q2,4,2024-04,Apr,17,Wed
2024-04-25,2024,Q2,4,2024-04,Apr,17,Thu
2024-04-26,2024,Q2,4,2024-04,Apr,17,Fri
2024-04-27,2024,Q2,4,2024-04,Apr,17,Sat
2024-04-28,2024,Q2,4,2024-04,Apr,17,Sun
2024-04-29,2024,Q2,4,2024-04,Apr,18,Mon
2024-04-30,2024,Q2,4,2024-04,Apr,18,Tue
2024-05-01,2024,Q2,5,2024-05,May,18,Wed
2024-05-02,2024,Q2,5,2024-05,May,18,Thu
2024-05-03,2024,Q2,5,2024-05,May,18,Fri
2024-05-04,2024,Q2,5,2024-05,May,18,Sat
2024-05-05,2024,Q2,5,2024-05,May,18,Sun
2024-05-06,2024,Q2,5,2024-05,May,19,Mon
2024-05-07,2024,Q2,5,2024-05,May,19,Tue
2024-05-08,2024,Q2,5,2024-05,May,19,Wed
2024-05-09,2024,Q2,5,2024-05,May,19,Thu
2024-05-10,2024,Q2,5,2024-05,May,19,Fri
2024-05-11,2024,Q2,5,2024-05,May,19,Sat
2024-05-12,2024,Q2,5,2024-05,May,19,Sun
2024-05-13,2024,Q2,5,2024-05,May,20,Mon
2024-05-14,2024,Q2,5,2024-05,May,20,Tue
2024-05-15,2024,Q2,5,2024-05,May,20,Wed
2024-05-16,2024,Q2,5,2024-05,May,20,Thu
2024-05-17,2024,Q2,5,2024-05,May,20,Fri
2024-05-18,2024,Q2,5,2024-05,May,20,Sat
2024-05-19,2024,Q2,5,2024-05,May,20,Sun
2024-05-20,2024,Q2,5,2024-05,May,21,Mon
2024-05-21,2024,Q2,5,2024-05,May,21,Tue
2024-05-22,2024,Q2,5,2024-05,May,21,Wed
2024-05-23,2024,Q2,5,2024-05,May,21,Thu
2024-05-24,2024,Q2,5,2024-05,May,21,Fri
2024-05-25,2024,Q2,5,2024-05,May,21,Sat
2024-05-26,2024,Q2,5,2024-05,May,21,Sun
2024-05-27,2024,Q2,5,2024-05,May,22,Mon
2024-05-28,2024,Q2,5,2024-05,May,22,Tue
2024-05-29,2024,Q2,5,2024-05,May,22,Wed
2024-05-30,2024,Q2,5,2024-05,May,22,Thu
2024-05-31,2024,Q2,5,2024-05,May,22,Fri
2024-06-01,2024,Q2,6,2024-06,Jun,22,Sat
2024-06-02,2024,Q2,6,2024-06,Jun,22,Sun
2024-06-03,2024,Q2,6,2024-06,Jun,23,Mon
2024-06-04,2024,Q2,6,2024-06,Jun,23,Tue
2024-06-05,2024,Q2,6,2024-06,Jun,23,Wed
2024-06-06,2024,Q2,6,2024-06,Jun,23,Thu
2024-06-07,2024,Q2,6,2024-06,Jun,23,Fri
2024-06-08,2024,Q2,6,2024-06,Jun,23,Sat
2024-06-09,2024,Q2,6,2024-06,Jun,23,Sun
2024-06-10,2024,Q2,6,2024-06,Jun,24,Mon
2024-06-11,2024,Q2,6,2024-06,Jun,24,Tue
2024-06-12,2024,Q2,6,2024-06,Jun,24,Wed
2024-06-13,2024,Q2,6,2024-06,Jun,24,Thu
2024-06-14,2024,Q2,6,2024-06,Jun,24,Fri
2024-06-15,2024,Q2,6,2024-06,Jun,24,Sat
2024-06-16,2024,Q2,6,2024-06,Jun,24,Sun
2024-06-17,2024,Q2,6,2024-06,Jun,25,Mon
2024-06-18,2024,Q2,6,2024-06,Jun,25,Tue
2024-06-19,2024,Q2,6,2024-06,Jun,25,Wed
2024-06-20,2024,Q2,6,2024-06,Jun,25,Thu
2024-06-21,2024,Q2,6,2024-06,Jun,25,Fri
2024-06-22,2024,Q2,6,2024-06,Jun,25,Sat
2024-06-23,2024,Q2,6,2024-06,Jun,25,Sun
2024-06-24,2024,Q2,6,2024-06,Jun,26,Mon
2024-06-25,2024,Q2,6,2024-06,Jun,26,Tue
2024-06-26,2024,Q2,6,2024-06,Jun,26,Wed
2024-06-27,2024,Q2,6,2024-06,Jun,26,Thu
2024-06-28,2024,Q2,6,2024-06,Jun,26,Fri
2024-06-29,2024,Q2,6,2024-06,Jun,26,Sat
2024-06-30,2024,Q2,6,2024-06,Jun,26,Sun
2024-07-01,2024,Q3,7,2024-07,Jul,27,Mon
2024-07-02,2024,Q3,7,2024-07,Jul,27,Tue
2024-07-03,2024,Q3,7,2024-07,Jul,27,Wed
2024-07-04,2024,Q3,7,2024-07,Jul,27,Thu
2024-07-05,2024,Q3,7,2024-07,Jul,27,Fri
2024-07-06,2024,Q3,7,2024-07,Jul,27,Sat
2024-07-07,2024,Q3,7,2024-07,Jul,27,Sun
2024-07-08,2024,Q3,7,2024-07,Jul,28,Mon
2024-07-09,2024,Q3,7,2024-07,Jul,28,Tue
2024-07-10,2024,Q3,7,2024-07,Jul,28,Wed
2024-07-11,2024,Q3,7,2024-07,Jul,28,Thu
2024-07-12,2024,Q3,7,2024-07,Jul,28,Fri
2024-07-13,2024,Q3,7,2024-07,Jul,28,Sat
2024-07-14,2024,Q3,7,2024-07,Jul,28,Sun
2024-07-15,2024,Q3,7,2024-07,Jul,29,Mon
2024-07-16,2024,Q3,7,2024-07,Jul,29,Tue
2024-07-17,2024,Q3,7,2024-07,Jul,29,Wed
2024-07-18,2024,Q3,7,2024-07,Jul,29,Thu
2024-07-19,2024,Q3,7,2024-07,Jul,29,Fri
2024-07-20,2024,Q3,7,2024-07,Jul,29,Sat
2024-07-21,2024,Q3,7,2024-07,Jul,29,Sun
2024-07-22,2024,Q3,7,2024-07,Jul,30,Mon
2024-07-23,2024,Q3,7,2024-07,Jul,30,Tue
2024-07-24,2024,Q3,7,2024-07,Jul,30,Wed
2024-07-25,2024,Q3,7,2024-07,Jul,30,Thu
2024-07-26,2024,Q3,7,2024-07,Jul,30,Fri
2024-07-27,2024,Q3,7,2024-07,Jul,30,Sat
2024-07-28,2024,Q3,7,2024-07,Jul,30,Sun
2024-07-29,2024,Q3,7,2024-07,Jul,31,Mon
2024-07-30,2024,Q3,7,2024-07,Jul,31,Tue
2024-07-31,2024,Q3,7,2024-07,Jul,31,Wed
2024-08-01,2024,Q3,8,2024-08,Aug,31,Thu
2024-08-02,2024,Q3,8,2024-08,Aug,31,Fri
2024-08-03,2024,Q3,8,2024-08,Aug,31,Sat
2024-08-04,2024,Q3,8,2024-08,Aug,31,Sun
2024-08-05,2024,Q3,8,2024-08,Aug,32,Mon
2024-08-06,2024,Q3,8,2024-08,Aug,32,Tue
2024-08-07,2024,Q3,8,2024-08,Aug,32,Wed
2024-08-08,2024,Q3,8,2024-08,Aug,32,Thu
2024-08-09,2024,Q3,8,2024-08,Aug,32,Fri
2024-08-10,2024,Q3,8,2024-08,Aug,32,Sat
2024-08-11,2024,Q3,8,2024-08,Aug,32,Sun
2024-08-12,2024,Q3,8,2024-08,Aug,33,Mon
2024-08-13,2024,Q3,8,2024-08,Aug,33,Tue
2024-08-14,2024,Q3,8,2024-08,Aug,33,Wed
2024-08-15,2024,Q3,8,2024-08,Aug,33,Thu
2024-08-16,2024,Q3,8,2024-08,Aug,33,Fri
2024-08-17,2024,Q3,8,2024-08,Aug,33,Sat
2024-08-18,2024,Q3,8,2024-08,Aug,33,Sun
2024-08-19,2024,Q3,8,2024-08,Aug,34,Mon
2024-08-20,2024,Q3,8,2024-08,Aug,34,Tue
2024-08-21,2024,Q3,8,2024-08,Aug,34,Wed
2024-08-22,2024,Q3,8,2024-08,Aug,34,Thu
2024-08-23,2024,Q3,8,2024-08,Aug,34,Fri
2024-08-24,2024,Q3,8,2024-08,Aug,34,Sat
2024-08-25,2024,Q3,8,2024-08,Aug,34,Sun
2024-08-26,2024,Q3,8,2024-08,Aug,35,Mon
2024-08-27,2024,Q3,8,2024-08,Aug,35,Tue
2024-08-28,2024,Q3,8,2024-08,Aug,35,Wed
2024-08-29,2024,Q3,8,2024-08,Aug,35,Thu
2024-08-30,2024,Q3,8,2024-08,Aug,35,Fri
2024-08-31,2024,Q3,8,2024-08,Aug,35,Sat
2024-09-01,2024,Q3,9,2024-09,Sep,35,Sun
2024-09-02,2024,Q3,9,2024-09,Sep,36,Mon
2024-09-03,2024,Q3,9,2024-09,Sep,36,Tue
2024-09-04,2024,Q3,9,2024-09,Sep,36,Wed
2024-09-05,2024,Q3,9,2024-09,Sep,36,Thu
2024-09-06,2024,Q3,9,2024-09,Sep,36,Fri
2024-09-07,2024,Q3,9,2024-09,Sep,36,Sat
2024-09-08,2024,Q3,9,2024-09,Sep,36,Sun
2024-09-09,2024,Q3,9,2024-09,Sep,37,Mon
2024-09-10,2024,Q3,9,2024-09,Sep,37,Tue
2024-09-11,2024,Q3,9,2024-09,Sep,37,Wed
2024-09-12,2024,Q3,9,2024-09,Sep,37,Thu
2024-09-13,2024,Q3,9,2024-09,Sep,37,Fri
2024-09-14,2024,Q3,9,2024-09,Sep,37,Sat
2024-09-15,2024,Q3,9,2024-09,Sep,37,Sun
2024-09-16,2024,Q3,9,2024-09,Sep,38,Mon
2024-09-17,2024,Q3,9,2024-09,Sep,38,Tue
2024-09-18,2024,Q3,9,2024-09,Sep,38,Wed
2024-09-19,2024,Q3,9,2024-09,Sep,38,Thu
2024-09-20,2024,Q3,9,2024-09,Sep,38,Fri
2024-09-21,2024,Q3,9,2024-09,Sep,38,Sat
2024-09-22,2024,Q3,9,2024-09,Sep,38,Sun
2024-09-23,2024,Q3,9,2024-09,Sep,39,Mon
2024-09-24,2024,Q3,9,2024-09,Sep,39,Tue
2024-09-25,2024,Q3,9,2024-09,Sep,39,Wed
2024-09-26,2024,Q3,9,2024-09,Sep,39,Thu
2024-09-27,2024,Q3,9,2024-09,Sep,39,Fri
2024-09-28,2024,Q3,9,2024-09,Sep,39,Sat
2024-09-29,2024,Q3,9,2024-09,Sep,39,Sun
2024-09-30,2024,Q3,9,2024-09,Sep,40,Mon
2024-10-01,2024,Q4,10,2024-10,Oct,40,Tue
2024-10-02,2024,Q4,10,2024-10,Oct,40,Wed
2024-10-03,2024,Q4,10,2024-10,Oct,40,Thu
2024-10-04,2024,Q4,10,2024-10,Oct,40,Fri
2024-10-05,2024,Q4,10,2024-10,Oct,40,Sat
2024-10-06,2024,Q4,10,2024-10,Oct,40,Sun
2024-10-07,2024,Q4,10,2024-10,Oct,41,Mon
2024-10-08,2024,Q4,10,2024-10,Oct,41,Tue
2024-10-09,2024,Q4,10,2024-10,Oct,41,Wed
2024-10-10,2024,Q4,10,2024-10,Oct,41,Thu
2024-10-11,2024,Q4,10,2024-10,Oct,41,Fri
2024-10-12,2024,Q4,10,2024-10,Oct,41,Sat
2024-10-13,2024,Q4,10,2024-10,Oct,41,Sun
2024-10-14,2024,Q4,10,2024-10,Oct,42,Mon
2024-10-15,2024,Q4,10,2024-10,Oct,42,Tue
2024-10-16,2024,Q4,10,2024-10,Oct,42,Wed
2024-10-17,2024,Q4,10,2024-10,Oct,42,Thu
2024-10-18,2024,Q4,10,2024-10,Oct,42,Fri
2024-10-19,2024,Q4,10,2024-10,Oct,42,Sat
2024-10-20,2024,Q4,10,2024-10,Oct,42,Sun
2024-10-21,2024,Q4,10,2024-10,Oct,43,Mon
2024-10-22,2024,Q4,10,2024-10,Oct,43,Tue
2024-10-23,2024,Q4,10,2024-10,Oct,43,Wed
2024-10-24,2024,Q4,10,2024-10,Oct,43,Thu
2024-10-25,2024,Q4,10,2024-10,Oct,43,Fri
2024-10-26,2024,Q4,10,2024-10,Oct,43,Sat
2024-10-27,2024,Q4,10,2024-10,Oct,43,Sun
2024-10-28,2024,Q4,10,2024-10,Oct,44,Mon
2024-10-29,2024,Q4,10,2024-10,Oct,44,Tue
2024-10-30,2024,Q4,10,2024-10,Oct,44,Wed
2024-10-31,2024,Q4,10,2024-10,Oct,44,Thu
2024-11-01,2024,Q4,11,2024-11,Nov,44,Fri
2024-11-02,2024,Q4,11,2024-11,Nov,44,Sat
2024-11-03,2024,Q4,11,2024-11,Nov,44,Sun
2024-11-04,2024,Q4,11,2024-11,Nov,45,Mon
2024-11-05,2024,Q4,11,2024-11,Nov,45,Tue
2024-11-06,2024,Q4,11,2024-11,Nov,45,Wed
2024-11-07,2024,Q4,11,2024-11,Nov,45,Thu
2024-11-08,2024,Q4,11,2024-11,Nov,45,Fri
2024-11-09,2024,Q4,11,2024-11,Nov,45,Sat
2024-11-10,2024,Q4,11,2024-11,Nov,45,Sun
2024-11-11,2024,Q4,11,2024-11,Nov,46,Mon
2024-11-12,2024,Q4,11,2024-11,Nov,46,Tue
2024-11-13,2024,Q4,11,2024-11,Nov,46,Wed
2024-11-14,2024,Q4,11,2024-11,Nov,46,Thu
2024-11-15,2024,Q4,11,2024-11,Nov,46,Fri
2024-11-16,2024,Q4,11,2024-11,Nov,46,Sat
2024-11-17,2024,Q4,11,2024-11,Nov,46,Sun
2024-11-18,2024,Q4,11,2024-11,Nov,47,Mon
2024-11-19,2024,Q4,11,2024-11,Nov,47,Tue
2024-11-20,2024,Q4,11,2024-11,Nov,47,Wed
2024-11-21,2024,Q4,11,2024-11,Nov,47,Thu
2024-11-22,2024,Q4,11,2024-11,Nov,47,Fri
2024-11-23,2024,Q4,11,2024-11,Nov,47,Sat
2024-11-24,2024,Q4,11,2024-11,Nov,47,Sun
2024-11-25,2024,Q4,11,2024-11,Nov,48,Mon
2024-11-26,2024,Q4,11,2024-11,Nov,48,Tue
2024-11-27,2024,Q4,11,2024-11,Nov,48,Wed
2024-11-28,2024,Q4,11,2024-11,Nov,48,Thu
2024-11-29,2024,Q4,11,2024-11,Nov,48,Fri
2024-11-30,2024,Q4,11,2024-11,Nov,48,Sat
2024-12-01,2024,Q4,12,2024-12,Dec,48,Sun
2024-12-02,2024,Q4,12,2024-12,Dec,49,Mon
2024-12-03,2024,Q4,12,2024-12,Dec,49,Tue
2024-12-04,2024,Q4,12,2024-12,Dec,49,Wed
2024-12-05,2024,Q4,12,2024-12,Dec,49,Thu
2024-12-06,2024,Q4,12,2024-12,Dec,49,Fri
2024-12-07,2024,Q4,12,2024-12,Dec,49,Sat
2024-12-08,2024,Q4,12,2024-12,Dec,49,Sun
2024-12-09,2024,Q4,12,2024-12,Dec,50,Mon
2024-12-10,2024,Q4,12,2024-12,Dec,50,Tue
2024-12-11,2024,Q4,12,2024-12,Dec,50,Wed
2024-12-12,2024,Q4,12,2024-12,Dec,50,Thu
2024-12-13,2024,Q4,12,2024-12,Dec,50,Fri
2024-12-14,2024,Q4,12,2024-12,Dec,50,Sat
2024-12-15,2024,Q4,12,2024-12,Dec,50,Sun
2024-12-16,2024,Q4,12,2024-12,Dec,51,Mon
2024-12-17,2024,Q4,12,2024-12,Dec,51,Tue
2024-12-18,2024,Q4,12,2024-12,Dec,51,Wed
2024-12-19,2024,Q4,12,2024-12,Dec,51,Thu
2024-12-20,2024,Q4,12,2024-12,Dec,51,Fri
2024-12-21,2024,Q4,12,2024-12,Dec,51,Sat
2024-12-22,2024,Q4,12,2024-12,Dec,51,Sun
2024-12-23,2024,Q4,12,2024-12,Dec,52,Mon
2024-12-24,2024,Q4,12,2024-12,Dec,52,Tue
2024-12-25,2024,Q4,12,2024-12,Dec,52,Wed
2024-12-26,2024,Q4,12,2024-12,Dec,52,Thu
2024-12-27,2024,Q4,12,2024-12,Dec,52,Fri
2024-12-28,2024,Q4,12,2024-12,Dec,52,Sat
2024-12-29,2024,Q4,12,2024-12,Dec,52,Sun
2024-12-30,2024,Q4,12,2024-12,Dec,1,Mon
2024-12-31,2024,Q4,12,2024-12,Dec,1,Tue
2025-01-01,2025,Q1,1,2025-01,Jan,1,Wed
2025-01-02,2025,Q1,1,2025-01,Jan,1,Thu
2025-01-03,2025,Q1,1,2025-01,Jan,1,Fri
2025-01-04,2025,Q1,1,2025-01,Jan,1,Sat
2025-01-05,2025,Q1,1,2025-01,Jan,1,Sun
2025-01-06,2025,Q1,1,2025-01,Jan,2,Mon
2025-01-07,2025,Q1,1,2025-01,Jan,2,Tue
2025-01-08,2025,Q1,1,2025-01,Jan,2,Wed
2025-01-09,2025,Q1,1,2025-01,Jan,2,Thu
2025-01-10,2025,Q1,1,2025-01,Jan,2,Fri
2025-01-11,2025,Q1,1,2025-01,Jan,2,Sat
2025-01-12,2025,Q1,1,2025-01,Jan,2,Sun
2025-01-13,2025,Q1,1,2025-01,Jan,3,Mon
2025-01-14,2025,Q1,1,2025-01,Jan,3,Tue
2025-01-15,2025,Q1,1,2025-01,Jan,3,Wed
2025-01-16,2025,Q1,1,2025-01,Jan,3,Thu
2025-01-17,2025,Q1,1,2025-01,Jan,3,Fri
2025-01-18,2025,Q1,1,2025-01,Jan,3,Sat
2025-01-19,2025,Q1,1,2025-01,Jan,3,Sun
2025-01-20,2025,Q1,1,2025-01,Jan,4,Mon
2025-01-21,2025,Q1,1,2025-01,Jan,4,Tue
2025-01-22,2025,Q1,1,2025-01,Jan,4,Wed
2025-01-23,2025,Q1,1,2025-01,Jan,4,Thu
2025-01-24,2025,Q1,1,2025-01,Jan,4,Fri
2025-01-25,2025,Q1,1,2025-01,Jan,4,Sat
2025-01-26,2025,Q1,1,2025-01,Jan,4,Sun
2025-01-27,2025,Q1,1,2025-01,Jan,5,Mon
2025-01-28,2025,Q1,1,2025-01,Jan,5,Tue
2025-01-29,2025,Q1,1,2025-01,Jan,5,Wed
2025-01-30,2025,Q1,1,2025-01,Jan,5,Thu
2025-01-31,2025,Q1,1,2025-01,Jan,5,Fri
2025-02-01,2025,Q1,2,2025-02,Feb,5,Sat
2025-02-02,2025,Q1,2,2025-02,Feb,5,Sun
2025-02-03,2025,Q1,2,2025-02,Feb,6,Mon
2025-02-04,2025,Q1,2,2025-02,Feb,6,Tue
2025-02-05,2025,Q1,2,2025-02,Feb,6,Wed
2025-02-06,2025,Q1,2,2025-02,Feb,6,Thu
2025-02-07,2025,Q1,2,2025-02,Feb,6,Fri
2025-02-08,2025,Q1,2,2025-02,Feb,6,Sat
2025-02-09,2025,Q1,2,2025-02,Feb,6,Sun
2025-02-10,2025,Q1,2,2025-02,Feb,7,Mon
2025-02-11,2025,Q1,2,2025-02,Feb,7,Tue
2025-02-12,2025,Q1,2,2025-02,Feb,7,Wed
2025-02-13,2025,Q1,2,2025-02,Feb,7,Thu
2025-02-14,2025,Q1,2,2025-02,Feb,7,Fri
2025-02-15,2025,Q1,2,2025-02,Feb,7,Sat
2025-02-16,2025,Q1,2,2025-02,Feb,7,Sun
2025-02-17,2025,Q1,2,2025-02,Feb,8,Mon
2025-02-18,2025,Q1,2,2025-02,Feb,8,Tue
2025-02-19,2025,Q1,2,2025-02,Feb,8,Wed
2025-02-20,2025,Q1,2,2025-02,Feb,8,Thu
2025-02-21,2025,Q1,2,2025-02,Feb,8,Fri
2025-02-22,2025,Q1,2,2025-02,Feb,8,Sat
2025-02-23,2025,Q1,2,2025-02,Feb,8,Sun
2025-02-24,2025,Q1,2,2025-02,Feb,9,Mon
2025-02-25,2025,Q1,2,2025-02,Feb,9,Tue
2025-02-26,2025,Q1,2,2025-02,Feb,9,Wed
2025-02-27,2025,Q1,2,2025-02,Feb,9,Thu
2025-02-28,2025,Q1,2,2025-02,Feb,9,Fri
2025-03-01,2025,Q1,3,2025-03,Mar,9,Sat
2025-03-02,2025,Q1,3,2025-03,Mar,9,Sun
2025-03-03,2025,Q1,3,2025-03,Mar,10,Mon
2025-03-04,2025,Q1,3,2025-03,Mar,10,Tue
2025-03-05,2025,Q1,3,2025-03,Mar,10,Wed
2025-03-06,2025,Q1,3,2025-03,Mar,10,Thu
2025-03-07,2025,Q1,3,2025-03,Mar,10,Fri
2025-03-08,2025,Q1,3,2025-03,Mar,10,Sat
2025-03-09,2025,Q1,3,2025-03,Mar,10,Sun
2025-03-10,2025,Q1,3,2025-03,Mar,11,Mon
2025-03-11,2025,Q1,3,2025-03,Mar,11,Tue
2025-03-12,2025,Q1,3,2025-03,Mar,11,Wed
2025-03-13,2025,Q1,3,2025-03,Mar,11,Thu
2025-03-14,2025,Q1,3,2025-03,Mar,11,Fri
2025-03-15,2025,Q1,3,2025-03,Mar,11,Sat
2025-03-16,2025,Q1,3,2025-03,Mar,11,Sun
2025-03-17,2025,Q1,3,2025-03,Mar,12,Mon
2025-03-18,2025,Q1,3,2025-03,Mar,12,Tue
2025-03-19,2025,Q1,3,2025-03,Mar,12,Wed
2025-03-20,2025,Q1,3,2025-03,Mar,12,Thu
2025-03-21,2025,Q1,3,2025-03,Mar,12,Fri
2025-03-22,2025,Q1,3,2025-03,Mar,12,Sat
2025-03-23,2025,Q1,3,2025-03,Mar,12,Sun
2025-03-24,2025,Q1,3,2025-03,Mar,13,Mon
2025-03-25,2025,Q1,3,2025-03,Mar,13,Tue
2025-03-26,2025,Q1,3,2025-03,Mar,13,Wed
2025-03-27,2025,Q1,3,2025-03,Mar,13,Thu
2025-03-28,2025,Q1,3,2025-03,Mar,13,Fri
2025-03-29,2025,Q1,3,2025-03,Mar,13,Sat
2025-03-30,2025,Q1,3,2025-03,Mar,13,Sun
2025-03-31,2025,Q1,3,2025-03,Mar,14,Mon
2025-04-01,2025,Q2,4,2025-04,Apr,14,Tue
2025-04-02,2025,Q2,4,2025-04,Apr,14,Wed
2025-04-03,2025,Q2,4,2025-04,Apr,14,Thu
2025-04-04,2025,Q2,4,2025-04,Apr,14,Fri
2025-04-05,2025,Q2,4,2025-04,Apr,14,Sat
2025-04-06,2025,Q2,4,2025-04,Apr,14,Sun
2025-04-07,2025,Q2,4,2025-04,Apr,15,Mon
2025-04-08,2025,Q2,4,2025-04,Apr,15,Tue
2025-04-09,2025,Q2,4,2025-04,Apr,15,Wed
2025-04-10,2025,Q2,4,2025-04,Apr,15,Thu
2025-04-11,2025,Q2,4,2025-04,Apr,15,Fri
2025-04-12,2025,Q2,4,2025-04,Apr,15,Sat
2025-04-13,2025,Q2,4,2025-04,Apr,15,Sun
2025-04-14,2025,Q2,4,2025-04,Apr,16,Mon
2025-04-15,2025,Q2,4,2025-04,Apr,16,Tue
2025-04-16,2025,Q2,4,2025-04,Apr,16,Wed
2025-04-17,2025,Q2,4,2025-04,Apr,16,Thu
2025-04-18,2025,Q2,4,2025-04,Apr,16,Fri
2025-04-19,2025,Q2,4,2025-04,Apr,16,Sat
2025-04-20,2025,Q2,4,2025-04,Apr,16,Sun
2025-04-21,2025,Q2,4,2025-04,Apr,17,Mon
2025-04-22,2025,Q2,4,2025-04,Apr,17,Tue
2025-04-23,2025,Q2,4,2025-04,Apr,17,Wed
2025-04-24,2025,Q2,4,2025-04,Apr,17,Thu
2025-04-25,2025,Q2,4,2025-04,Apr,17,Fri
2025-04-26,2025,Q2,4,2025-04,Apr,17,Sat
2025-04-27,2025,Q2,4,2025-04,Apr,17,Sun
2025-04-28,2025,Q2,4,2025-04,Apr,18,Mon
2025-04-29,2025,Q2,4,2025-04,Apr,18,Tue
2025-04-30,2025,Q2,4,2025-04,Apr,18,Wed
2025-05-01,2025,Q2,5,2025-05,May,18,Thu
2025-05-02,2025,Q2,5,2025-05,May,18,Fri
2025-05-03,2025,Q2,5,2025-05,May,18,Sat
2025-05-04,2025,Q2,5,2025-05,May,18,Sun
2025-05-05,2025,Q2,5,2025-05,May,19,Mon
2025-05-06,2025,Q2,5,2025-05,May,19,Tue
2025-05-07,2025,Q2,5,2025-05,May,19,Wed
2025-05-08,2025,Q2,5,2025-05,May,19,Thu
2025-05-09,2025,Q2,5,2025-05,May,19,Fri
2025-05-10,2025,Q2,5,2025-05,May,19,Sat
2025-05-11,2025,Q2,5,2025-05,May,19,Sun
2025-05-12,2025,Q2,5,2025-05,May,20,Mon
2025-05-13,2025,Q2,5,2025-05,May,20,Tue
2025-05-14,2025,Q2,5,2025-05,May,20,Wed
2025-05-15,2025,Q2,5,2025-05,May,20,Thu
2025-05-16,2025,Q2,5,2025-05,May,20,Fri
2025-05-17,2025,Q2,5,2025-05,May,20,Sat
2025-05-18,2025,Q2,5,2025-05,May,20,Sun
2025-05-19,2025,Q2,5,2025-05,May,21,Mon
2025-05-20,2025,Q2,5,2025-05,May,21,Tue
2025-05-21,2025,Q2,5,2025-05,May,21,Wed
2025-05-22,2025,Q2,5,2025-05,May,21,Thu
2025-05-23,2025,Q2,5,2025-05,May,21,Fri
2025-05-24,2025,Q2,5,2025-05,May,21,Sat
2025-05-25,2025,Q2,5,2025-05,May,21,Sun
2025-05-26,2025,Q2,5,2025-05,May,22,Mon
2025-05-27,2025,Q2,5,2025-05,May,22,Tue
2025-05-28,2025,Q2,5,2025-05,May,22,Wed
2025-05-29,2025,Q2,5,2025-05,May,22,Thu
2025-05-30,2025,Q2,5,2025-05,May,22,Fri
2025-05-31,2025,Q2,5,2025-05,May,22,Sat
2025-06-01,2025,Q2,6,2025-06,Jun,22,Sun
2025-06-02,2025,Q2,6,2025-06,Jun,23,Mon
2025-06-03,2025,Q2,6,2025-06,Jun,23,Tue
2025-06-04,2025,Q2,6,2025-06,Jun,23,Wed
2025-06-05,2025,Q2,6,2025-06,Jun,23,Thu
2025-06-06,2025,Q2,6,2025-06,Jun,23,Fri
2025-06-07,2025,Q2,6,2025-06,Jun,23,Sat
2025-06-08,2025,Q2,6,2025-06,Jun,23,Sun
2025-06-09,2025,Q2,6,2025-06,Jun,24,Mon
2025-06-10,2025,Q2,6,2025-06,Jun,24,Tue
2025-06-11,2025,Q2,6,2025-06,Jun,24,Wed
2025-06-12,2025,Q2,6,2025-06,Jun,24,Thu
2025-06-13,2025,Q2,6,2025-06,Jun,24,Fri
2025-06-14,2025,Q2,6,2025-06,Jun,24,Sat
2025-06-15,2025,Q2,6,2025-06,Jun,24,Sun
2025-06-16,2025,Q2,6,2025-06,Jun,25,Mon
2025-06-17,2025,Q2,6,2025-06,Jun,25,Tue
2025-06-18,2025,Q2,6,2025-06,Jun,25,Wed
2025-06-19,2025,Q2,6,2025-06,Jun,25,Thu
2025-06-20,2025,Q2,6,2025-06,Jun,25,Fri
2025-06-21,2025,Q2,6,2025-06,Jun,25,Sat
2025-06-22,2025,Q2,6,2025-06,Jun,25,Sun
2025-06-23,2025,Q2,6,2025-06,Jun,26,Mon
2025-06-24,2025,Q2,6,2025-06,Jun,26,Tue
2025-06-25,2025,Q2,6,2025-06,Jun,26,Wed
2025-06-26,2025,Q2,6,2025-06,Jun,26,Thu
2025-06-27,2025,Q2,6,2025-06,Jun,26,Fri
2025-06-28,2025,Q2,6,2025-06,Jun,26,Sat
2025-06-29,2025,Q2,6,2025-06,Jun,26,Sun
2025-06-30,2025,Q2,6,2025-06,Jun,27,Mon
2025-07-01,2025,Q3,7,2025-07,Jul,27,Tue
2025-07-02,2025,Q3,7,2025-07,Jul,27,Wed
2025-07-03,2025,Q3,7,2025-07,Jul,27,Thu
2025-07-04,2025,Q3,7,2025-07,Jul,27,Fri
2025-07-05,2025,Q3,7,2025-07,Jul,27,Sat
2025-07-06,2025,Q3,7,2025-07,Jul,27,Sun
2025-07-07,2025,Q3,7,2025-07,Jul,28,Mon
2025-07-08,2025,Q3,7,2025-07,Jul,28,Tue
2025-07-09,2025,Q3,7,2025-07,Jul,28,Wed
2025-07-10,2025,Q3,7,2025-07,Jul,28,Thu
2025-07-11,2025,Q3,7,2025-07,Jul,28,Fri
2025-07-12,2025,Q3,7,2025-07,Jul,28,Sat
2025-07-13,2025,Q3,7,2025-07,Jul,28,Sun
2025-07-14,2025,Q3,7,2025-07,Jul,29,Mon
2025-07-15,2025,Q3,7,2025-07,Jul,29,Tue
2025-07-16,2025,Q3,7,2025-07,Jul,29,Wed
2025-07-17,2025,Q3,7,2025-07,Jul,29,Thu
2025-07-18,2025,Q3,7,2025-07,Jul,29,Fri
2025-07-19,2025,Q3,7,2025-07,Jul,29,Sat
2025-07-20,2025,Q3,7,2025-07,Jul,29,Sun
2025-07-21,2025,Q3,7,2025-07,Jul,30,Mon
2025-07-22,2025,Q3,7,2025-07,Jul,30,Tue
2025-07-23,2025,Q3,7,2025-07,Jul,30,Wed
2025-07-24,2025,Q3,7,2025-07,Jul,30,Thu
2025-07-25,2025,Q3,7,2025-07,Jul,30,Fri
2025-07-26,2025,Q3,7,2025-07,Jul,30,Sat
2025-07-27,2025,Q3,7,2025-07,Jul,30,Sun
2025-07-28,2025,Q3,7,2025-07,Jul,31,Mon
2025-07-29,2025,Q3,7,2025-07,Jul,31,Tue
2025-07-30,2025,Q3,7,2025-07,Jul,31,Wed
2025-07-31,2025,Q3,7,2025-07,Jul,31,Thu
2025-08-01,2025,Q3,8,2025-08,Aug,31,Fri
2025-08-02,2025,Q3,8,2025-08,Aug,31,Sat
2025-08-03,2025,Q3,8,2025-08,Aug,31,Sun
2025-08-04,2025,Q3,8,2025-08,Aug,32,Mon
2025-08-05,2025,Q3,8,2025-08,Aug,32,Tue
2025-08-06,2025,Q3,8,2025-08,Aug,32,Wed
2025-08-07,2025,Q3,8,2025-08,Aug,32,Thu
2025-08-08,2025,Q3,8,2025-08,Aug,32,Fri
2025-08-09,2025,Q3,8,2025-08,Aug,32,Sat
2025-08-10,2025,Q3,8,2025-08,Aug,32,Sun
2025-08-11,2025,Q3,8,2025-08,Aug,33,Mon
2025-08-12,2025,Q3,8,2025-08,Aug,33,Tue
2025-08-13,2025,Q3,8,2025-08,Aug,33,Wed
2025-08-14,2025,Q3,8,2025-08,Aug,33,Thu
2025-08-15,2025,Q3,8,2025-08,Aug,33,Fri
2025-08-16,2025,Q3,8,2025-08,Aug,33,Sat
2025-08-17,2025,Q3,8,2025-08,Aug,33,Sun
2025-08-18,2025,Q3,8,2025-08,Aug,34,Mon
2025-08-19,2025,Q3,8,2025-08,Aug,34,Tue
2025-08-20,2025,Q3,8,2025-08,Aug,34,Wed
2025-08-21,2025,Q3,8,2025-08,Aug,34,Thu
2025-08-22,2025,Q3,8,2025-08,Aug,34,Fri
2025-08-23,2025,Q3,8,2025-08,Aug,34,Sat
2025-08-24,2025,Q3,8,2025-08,Aug,34,Sun
2025-08-25,2025,Q3,8,2025-08,Aug,35,Mon
2025-08-26,2025,Q3,8,2025-08,Aug,35,Tue
2025-08-27,2025,Q3,8,2025-08,Aug,35,Wed
2025-08-28,2025,Q3,8,2025-08,Aug,35,Thu
2025-08-29,2025,Q3,8,2025-08,Aug,35,Fri
2025-08-30,2025,Q3,8,2025-08,Aug,35,Sat
2025-08-31,2025,Q3,8,2025-08,Aug,35,Sun
2025-09-01,2025,Q3,9,2025-09,Sep,36,Mon
2025-09-02,2025,Q3,9,2025-09,Sep,36,Tue
2025-09-03,2025,Q3,9,2025-09,Sep,36,Wed
2025-09-04,2025,Q3,9,2025-09,Sep,36,Thu
2025-09-05,2025,Q3,9,2025-09,Sep,36,Fri
2025-09-06,2025,Q3,9,2025-09,Sep,36,Sat
2025-09-07,2025,Q3,9,2025-09,Sep,36,Sun
2025-09-08,2025,Q3,9,2025-09,Sep,37,Mon
2025-09-09,2025,Q3,9,2025-09,Sep,37,Tue
2025-09-10,2025,Q3,9,2025-09,Sep,37,Wed
2025-09-11,2025,Q3,9,2025-09,Sep,37,Thu
2025-09-12,2025,Q3,9,2025-09,Sep,37,Fri
2025-09-13,2025,Q3,9,2025-09,Sep,37,Sat
2025-09-14,2025,Q3,9,2025-09,Sep,37,Sun
2025-09-15,2025,Q3,9,2025-09,Sep,38,Mon
2025-09-16,2025,Q3,9,2025-09,Sep,38,Tue
2025-09-17,2025,Q3,9,2025-09,Sep,38,Wed
2025-09-18,2025,Q3,9,2025-09,Sep,38,Thu
2025-09-19,2025,Q3,9,2025-09,Sep,38,Fri
2025-09-20,2025,Q3,9,2025-09,Sep,38,Sat
2025-09-21,2025,Q3,9,2025-09,Sep,38,Sun
2025-09-22,2025,Q3,9,2025-09,Sep,39,Mon
2025-09-23,2025,Q3,9,2025-09,Sep,39,Tue
2025-09-24,2025,Q3,9,2025-09,Sep,39,Wed
2025-09-25,2025,Q3,9,2025-09,Sep,39,Thu
2025-09-26,2025,Q3,9,2025-09,Sep,39,Fri
2025-09-27,2025,Q3,9,2025-09,Sep,39,Sat
2025-09-28,2025,Q3,9,2025-09,Sep,39,Sun
2025-09-29,2025,Q3,9,2025-09,Sep,40,Mon
2025-09-30,2025,Q3,9,2025-09,Sep,40,Tue
2025-10-01,2025,Q4,10,2025-10,Oct,40,Wed
2025-10-02,2025,Q4,10,2025-10,Oct,40,Thu
2025-10-03,2025,Q4,10,2025-10,Oct,40,Fri
2025-10-04,2025,Q4,10,2025-10,Oct,40,Sat
2025-10-05,2025,Q4,10,2025-10,Oct,40,Sun
2025-10-06,2025,Q4,10,2025-10,Oct,41,Mon
2025-10-07,2025,Q4,10,2025-10,Oct,41,Tue
2025-10-08,2025,Q4,10,2025-10,Oct,41,Wed
2025-10-09,2025,Q4,10,2025-10,Oct,41,Thu
2025-10-10,2025,Q4,10,2025-10,Oct,41,Fri
2025-10-11,2025,Q4,10,2025-10,Oct,41,Sat
2025-10-12,2025,Q4,10,2025-10,Oct,41,Sun
2025-10-13,2025,Q4,10,2025-10,Oct,42,Mon
2025-10-14,2025,Q4,10,2025-10,Oct,42,Tue
2025-10-15,2025,Q4,10,2025-10,Oct,42,Wed
2025-10-16,2025,Q4,10,2025-10,Oct,42,Thu
2025-10-17,2025,Q4,10,2025-10,Oct,42,Fri
2025-10-18,2025,Q4,10,2025-10,Oct,42,Sat
2025-10-19,2025,Q4,10,2025-10,Oct,42,Sun
2025-10-20,2025,Q4,10,2025-10,Oct,43,Mon
2025-10-21,2025,Q4,10,2025-10,Oct,43,Tue
2025-10-22,2025,Q4,10,2025-10,Oct,43,Wed
2025-10-23,2025,Q4,10,2025-10,Oct,43,Thu
2025-10-24,2025,Q4,10,2025-10,Oct,43,Fri
2025-10-25,2025,Q4,10,2025-10,Oct,43,Sat
2025-10-26,2025,Q4,10,2025-10,Oct,43,Sun
2025-10-27,2025,Q4,10,2025-10,Oct,44,Mon
2025-10-28,2025,Q4,10,2025-10,Oct,44,Tue
2025-10-29,2025,Q4,10,2025-10,Oct,44,Wed
2025-10-30,2025,Q4,10,2025-10,Oct,44,Thu
2025-10-31,2025,Q4,10,2025-10,Oct,44,Fri
2025-11-01,2025,Q4,11,2025-11,Nov,44,Sat
2025-11-02,2025,Q4,11,2025-11,Nov,44,Sun
2025-11-03,2025,Q4,11,2025-11,Nov,45,Mon
2025-11-04,2025,Q4,11,2025-11,Nov,45,Tue
2025-11-05,2025,Q4,11,2025-11,Nov,45,Wed
2025-11-06,2025,Q4,11,2025-11,Nov,45,Thu
2025-11-07,2025,Q4,11,2025-11,Nov,45,Fri
2025-11-08,2025,Q4,11,2025-11,Nov,45,Sat
2025-11-09,2025,Q4,11,2025-11,Nov,45,Sun
2025-11-10,2025,Q4,11,2025-11,Nov,46,Mon
2025-11-11,2025,Q4,11,2025-11,Nov,46,Tue
2025-11-12,2025,Q4,11,2025-11,Nov,46,Wed
2025-11-13,2025,Q4,11,2025-11,Nov,46,Thu
2025-11-14,2025,Q4,11,2025-11,Nov,46,Fri
2025-11-15,2025,Q4,11,2025-11,Nov,46,Sat
2025-11-16,2025,Q4,11,2025-11,Nov,46,Sun
2025-11-17,2025,Q4,11,2025-11,Nov,47,Mon
2025-11-18,2025,Q4,11,2025-11,Nov,47,Tue
2025-11-19,2025,Q4,11,2025-11,Nov,47,Wed
2025-11-20,2025,Q4,11,2025-11,Nov,47,Thu
2025-11-21,2025,Q4,11,2025-11,Nov,47,Fri
2025-11-22,2025,Q4,11,2025-11,Nov,47,Sat
2025-11-23,2025,Q4,11,2025-11,Nov,47,Sun
2025-11-24,2025,Q4,11,2025-11,Nov,48,Mon
2025-11-25,2025,Q4,11,2025-11,Nov,48,Tue
2025-11-26,2025,Q4,11,2025-11,Nov,48,Wed
2025-11-27,2025,Q4,11,2025-11,Nov,48,Thu
2025-11-28,2025,Q4,11,2025-11,Nov,48,Fri
2025-11-29,2025,Q4,11,2025-11,Nov,48,Sat
2025-11-30,2025,Q4,11,2025-11,Nov,48,Sun
2025-12-01,2025,Q4,12,2025-12,Dec,49,Mon
2025-12-02,2025,Q4,12,2025-12,Dec,49,Tue
2025-12-03,2025,Q4,12,2025-12,Dec,49,Wed
2025-12-04,2025,Q4,12,2025-12,Dec,49,Thu
2025-12-05,2025,Q4,12,2025-12,Dec,49,Fri
2025-12-06,2025,Q4,12,2025-12,Dec,49,Sat
2025-12-07,2025,Q4,12,2025-12,Dec,49,Sun
2025-12-08,2025,Q4,12,2025-12,Dec,50,Mon
2025-12-09,2025,Q4,12,2025-12,Dec,50,Tue
2025-12-10,2025,Q4,12,2025-12,Dec,50,Wed
2025-12-11,2025,Q4,12,2025-12,Dec,50,Thu
2025-12-12,2025,Q4,12,2025-12,Dec,50,Fri
2025-12-13,2025,Q4,12,2025-12,Dec,50,Sat
2025-12-14,2025,Q4,12,2025-12,Dec,50,Sun
2025-12-15,2025,Q4,12,2025-12,Dec,51,Mon
2025-12-16,2025,Q4,12,2025-12,Dec,51,Tue
2025-12-17,2025,Q4,12,2025-12,Dec,51,Wed
2025-12-18,2025,Q4,12,2025-12,Dec,51,Thu
2025-12-19,2025,Q4,12,2025-12,Dec,51,Fri
2025-12-20,2025,Q4,12,2025-12,Dec,51,Sat
2025-12-21,2025,Q4,12,2025-12,Dec,51,Sun
2025-12-22,2025,Q4,12,2025-12,Dec,52,Mon
2025-12-23,2025,Q4,12,2025-12,Dec,52,Tue
2025-12-24,2025,Q4,12,2025-12,Dec,52,Wed
2025-12-25,2025,Q4,12,2025-12,Dec,52,Thu
2025-12-26,2025,Q4,12,2025-12,Dec,52,Fri
2025-12-27,2025,Q4,12,2025-12,Dec,52,Sat
2025-12-28,2025,Q4,12,2025-12,Dec,52,Sun
2025-12-29,2025,Q4,12,2025-12,Dec,1,Mon
2025-12-30,2025,Q4,12,2025-12,Dec,1,Tue
2025-12-31,2025,Q4,12,2025-12,Dec,1,Wed
2026-01-01,2026,Q1,1,2026-01,Jan,1,Thu
2026-01-02,2026,Q1,1,2026-01,Jan,1,Fri
2026-01-03,2026,Q1,1,2026-01,Jan,1,Sat
2026-01-04,2026,Q1,1,2026-01,Jan,1,Sun
2026-01-05,2026,Q1,1,2026-01,Jan,2,Mon
2026-01-06,2026,Q1,1,2026-01,Jan,2,Tue
2026-01-07,2026,Q1,1,2026-01,Jan,2,Wed
2026-01-08,2026,Q1,1,2026-01,Jan,2,Thu
2026-01-09,2026,Q1,1,2026-01,Jan,2,Fri
2026-01-10,2026,Q1,1,2026-01,Jan,2,Sat
2026-01-11,2026,Q1,1,2026-01,Jan,2,Sun
2026-01-12,2026,Q1,1,2026-01,Jan,3,Mon
2026-01-13,2026,Q1,1,2026-01,Jan,3,Tue
2026-01-14,2026,Q1,1,2026-01,Jan,3,Wed
2026-01-15,2026,Q1,1,2026-01,Jan,3,Thu
2026-01-16,2026,Q1,1,2026-01,Jan,3,Fri
2026-01-17,2026,Q1,1,2026-01,Jan,3,Sat
2026-01-18,2026,Q1,1,2026-01,Jan,3,Sun
2026-01-19,2026,Q1,1,2026-01,Jan,4,Mon
2026-01-20,2026,Q1,1,2026-01,Jan,4,Tue
2026-01-21,2026,Q1,1,2026-01,Jan,4,Wed
2026-01-22,2026,Q1,1,2026-01,Jan,4,Thu
2026-01-23,2026,Q1,1,2026-01,Jan,4,Fri
2026-01-24,2026,Q1,1,2026-01,Jan,4,Sat
2026-01-25,2026,Q1,1,2026-01,Jan,4,Sun
2026-01-26,2026,Q1,1,2026-01,Jan,5,Mon
2026-01-27,2026,Q1,1,2026-01,Jan,5,Tue
2026-01-28,2026,Q1,1,2026-01,Jan,5,Wed
2026-01-29,2026,Q1,1,2026-01,Jan,5,Thu
2026-01-30,2026,Q1,1,2026-01,Jan,5,Fri
2026-01-31,2026,Q1,1,2026-01,Jan,5,Sat
2026-02-01,2026,Q1,2,2026-02,Feb,5,Sun
2026-02-02,2026,Q1,2,2026-02,Feb,6,Mon
2026-02-03,2026,Q1,2,2026-02,Feb,6,Tue
2026-02-04,2026,Q1,2,2026-02,Feb,6,Wed
2026-02-05,2026,Q1,2,2026-02,Feb,6,Thu
2026-02-06,2026,Q1,2,2026-02,Feb,6,Fri
2026-02-07,2026,Q1,2,2026-02,Feb,6,Sat
2026-02-08,2026,Q1,2,2026-02,Feb,6,Sun
2026-02-09,2026,Q1,2,2026-02,Feb,7,Mon
2026-02-10,2026,Q1,2,2026-02,Feb,7,Tue
2026-02-11,2026,Q1,2,2026-02,Feb,7,Wed
2026-02-12,2026,Q1,2,2026-02,Feb,7,Thu
2026-02-13,2026,Q1,2,2026-02,Feb,7,Fri
2026-02-14,2026,Q1,2,2026-02,Feb,7,Sat
2026-02-15,2026,Q1,2,2026-02,Feb,7,Sun
2026-02-16,2026,Q1,2,2026-02,Feb,8,Mon
2026-02-17,2026,Q1,2,2026-02,Feb,8,Tue
2026-02-18,2026,Q1,2,2026-02,Feb,8,Wed
2026-02-19,2026,Q1,2,2026-02,Feb,8,Thu
2026-02-20,2026,Q1,2,2026-02,Feb,8,Fri
2026-02-21,2026,Q1,2,2026-02,Feb,8,Sat
2026-02-22,2026,Q1,2,2026-02,Feb,8,Sun
2026-02-23,2026,Q1,2,2026-02,Feb,9,Mon
2026-02-24,2026,Q1,2,2026-02,Feb,9,Tue
2026-02-25,2026,Q1,2,2026-02,Feb,9,Wed
2026-02-26,2026,Q1,2,2026-02,Feb,9,Thu
2026-02-27,2026,Q1,2,2026-02,Feb,9,Fri
2026-02-28,2026,Q1,2,2026-02,Feb,9,Sat
