order_id,product_id,quantity,unit_price,discount_rate
1,2,1,93.21,0.0
1,45,1,24.72,0.0
1,19,1,45.38,0.0
2,28,1,18.7,0.0
2,60,1,68.03,0.0
2,35,2,108.34,0.0
3,8,1,19.16,0.0
4,23,1,25.43,0.0
4,3,1,78.37,0.0
5,51,1,113.5,0.0
6,39,1,46.29,0.0
6,75,2,72.36,0.0
6,5,1,83.93,0.0
7,39,1,46.29,0.0
8,44,1,91.8,0.0
8,33,1,53.94,0.0
8,8,1,19.16,0.0
9,42,1,70.67,0.0
9,19,1,45.38,0.0
9,72,1,84.03,0.0
10,28,1,18.7,0.0
10,3,2,78.37,0.1
11,18,2,101.86,0.0
11,29,3,73.98,0.0
11,16,2,81.1,0.05
11,44,1,91.8,0.05
12,21,1,103.93,0.05
12,25,1,71.98,0.0
13,19,2,45.38,0.0
13,41,2,29.16,0.0
14,53,1,20.02,0.0
14,48,1,114.58,0.0
14,27,1,73.52,0.0
15,24,1,47.6,0.0
15,62,2,54.29,0.0
15,5,1,83.93,0.0
16,19,2,45.38,0.0
16,22,3,108.7,0.0
16,24,1,47.6,0.0
17,8,1,19.16,0.0
18,59,2,46.35,0.15
18,20,2,81.03,0.0
19,9,1,100.97,0.1
20,64,2,25.87,0.0
21,10,1,94.91,0.0
22,75,1,72.36,0.0
22,37,1,40.74,0.0
23,73,1,26.54,0.0
23,3,1,78.37,0.0
24,49,1,68.38,0.05
24,55,3,101.43,0.0
25,50,1,37.55,0.0
25,64,1,25.87,0.0
26,27,1,73.52,0.0
26,3,1,78.37,0.0
27,28,2,18.7,0.0
27,11,1,47.3,0.0
27,74,1,110.96,0.0
27,58,1,90.35,0.0
28,31,1,118.45,0.15
28,66,3,108.76,0.0
29,20,1,81.03,0.0
30,34,2,107.04,0.0
30,62,1,54.29,0.0
30,47,1,20.54,0.0
31,25,1,71.98,0.0
32,4,3,85.6,0.0
32,61,2,39.97,0.0
32,69,2,15.92,0.0
33,67,1,19.1,0.1
33,71,3,115.04,0.0
33,65,1,113.19,0.0
33,14,1,61.71,0.05
34,71,1,115.04,0.0
34,21,1,103.93,0.0
34,25,1,71.98,0.0
35,68,1,20.46,0.0
36,5,1,83.93,0.05
36,79,2,102.46,0.0
37,4,1,85.6,0.0
38,8,1,19.16,0.0
39,23,1,25.43,0.0
39,44,1,91.8,0.0
40,18,1,101.86,0.0
41,63,1,35.56,0.0
42,5,1,83.93,0.0
42,14,2,61.71,0.0
42,13,1,109.04,0.0
43,42,1,70.67,0.0
43,76,2,92.77,0.0
44,22,1,108.7,0.0
44,48,1,114.58,0.0
45,21,1,103.93,0.0
45,41,1,29.16,0.0
46,39,1,46.29,0.0
46,16,2,81.1,0.05
47,44,1,91.8,0.0
47,18,1,101.86,0.05
48,14,1,61.71,0.0
48,1,1,93.96,0.0
48,7,3,59.59,0.0
49,54,1,71.6,0.0
50,60,2,68.03,0.0
50,45,2,24.72,0.0
50,44,1,91.8,0.0
51,10,1,94.91,0.05
52,38,2,57.55,0.0
52,64,1,25.87,0.0
53,68,1,20.46,0.05
54,24,1,47.6,0.0
54,50,3,37.55,0.0
55,39,1,46.29,0.0
55,52,2,15.59,0.0
56,28,3,18.7,0.0
57,58,1,90.35,0.0
57,32,1,20.52,0.0
57,42,1,70.67,0.1
58,50,3,37.55,0.0
59,61,1,39.97,0.1
59,40,1,32.32,0.0
60,47,2,20.54,0.0
61,66,3,108.76,0.0
62,26,1,109.01,0.0
63,67,2,19.1,0.0
64,2,1,93.21,0.0
64,23,1,25.43,0.05
64,46,3,30.67,0.0
65,48,1,114.58,0.0
65,78,1,92.15,0.0
65,36,1,49.55,0.0
66,78,1,92.15,0.0
67,30,1,77.82,0.0
68,49,2,68.38,0.0
68,4,1,85.6,0.0
68,24,2,47.6,0.0
69,1,1,93.96,0.0
70,67,2,19.1,0.0
71,70,2,32.4,0.0
72,56,1,56.85,0.0
72,58,1,90.35,0.0
72,47,3,20.54,0.0
73,68,1,20.46,0.1
73,65,1,113.19,0.0
74,44,1,91.8,0.05
74,63,1,35.56,0.0
74,47,2,20.54,0.05
75,19,2,45.38,0.0
76,58,1,90.35,0.0
77,66,1,108.76,0.05
78,48,1,114.58,0.05
79,15,1,86.91,0.0
80,33,2,53.94,0.0
80,58,1,90.35,0.0
81,22,1,108.7,0.0
81,12,1,77.59,0.0
82,2,1,93.21,0.0
82,33,2,53.94,0.0
82,73,1,26.54,0.0
83,51,1,113.5,0.0
84,10,2,94.91,0.15
84,75,1,72.36,0.0
84,4,1,85.6,0.0
84,69,1,15.92,0.0
85,51,1,113.5,0.05
85,39,2,46.29,0.1
86,24,2,47.6,0.0
87,31,1,118.45,0.05
88,10,2,94.91,0.05
88,26,1,109.01,0.0
89,32,3,20.52,0.0
90,48,1,114.58,0.0
90,55,2,101.43,0.0
91,67,2,19.1,0.0
91,56,1,56.85,0.0
91,5,1,83.93,0.0
92,59,2,46.35,0.0
92,22,1,108.7,0.0
93,72,1,84.03,0.1
93,33,2,53.94,0.0
93,35,3,108.34,0.0
93,23,1,25.43,0.0
94,71,1,115.04,0.0
95,3,2,78.37,0.05
95,33,1,53.94,0.0
96,49,1,68.38,0.1
96,64,2,25.87,0.0
96,36,1,49.55,0.1
96,66,1,108.76,0.0
97,42,1,70.67,0.0
97,60,1,68.03,0.0
97,56,1,56.85,0.05
98,5,3,83.93,0.0
98,30,2,77.82,0.05
99,70,2,32.4,0.0
99,24,1,47.6,0.0
99,5,1,83.93,0.0
100,11,3,47.3,0.0
101,32,1,20.52,0.0
102,14,1,61.71,0.0
103,39,1,46.29,0.0
103,53,1,20.02,0.0
103,67,1,19.1,0.0
104,71,1,115.04,0.1
105,53,2,20.02,0.0
105,48,1,114.58,0.0
105,15,1,86.91,0.0
106,45,1,24.72,0.0
107,20,1,81.03,0.0
108,53,1,20.02,0.0
108,66,1,108.76,0.05
108,15,1,86.91,0.1
109,45,2,24.72,0.0
110,6,1,117.21,0.0
110,67,1,19.1,0.0
111,67,1,19.1,0.0
111,66,1,108.76,0.0
111,41,1,29.16,0.0
112,24,1,47.6,0.0
112,15,1,86.91,0.0
112,8,1,19.16,0.0
112,79,2,102.46,0.05
113,13,2,109.04,0.0
114,67,2,19.1,0.0
114,10,1,94.91,0.0
114,42,2,70.67,0.0
115,17,1,97.47,0.0
115,68,1,20.46,0.0
116,26,1,109.01,0.0
117,27,2,73.52,0.0
118,63,2,35.56,0.1
118,14,1,61.71,0.1
119,57,1,106.25,0.0
119,63,2,35.56,0.0
119,39,1,46.29,0.0
120,69,2,15.92,0.0
121,37,1,40.74,0.0
121,34,1,107.04,0.0
122,55,1,101.43,0.1
122,65,1,113.19,0.0
123,19,1,45.38,0.0
124,40,2,32.32,0.0
124,24,1,47.6,0.0
125,26,1,109.01,0.0
125,36,1,49.55,0.0
125,9,1,100.97,0.15
126,9,2,100.97,0.0
127,71,1,115.04,0.05
128,2,1,93.21,0.0
129,60,1,68.03,0.0
129,37,2,40.74,0.0
129,4,1,85.6,0.0
130,30,1,77.82,0.0
130,80,2,99.82,0.0
131,80,1,99.82,0.0
131,47,2,20.54,0.0
131,16,1,81.1,0.0
131,79,1,102.46,0.0
132,45,2,24.72,0.0
132,15,1,86.91,0.0
133,75,1,72.36,0.0
133,63,1,35.56,0.0
134,78,1,92.15,0.05
134,33,1,53.94,0.0
134,77,1,68.82,0.15
135,9,1,100.97,0.0
136,20,1,81.03,0.0
137,71,1,115.04,0.0
138,34,2,107.04,0.05
139,43,3,112.75,0.0
139,54,1,71.6,0.05
140,68,1,20.46,0.1
141,73,1,26.54,0.0
141,2,2,93.21,0.0
142,75,1,72.36,0.0
143,34,1,107.04,0.0
143,60,3,68.03,0.0
144,47,1,20.54,0.0
145,19,1,45.38,0.0
145,31,1,118.45,0.0
145,61,1,39.97,0.0
145,79,1,102.46,0.0
146,34,3,107.04,0.0
146,67,1,19.1,0.0
146,64,1,25.87,0.0
147,46,2,30.67,0.0
147,40,1,32.32,0.0
148,5,1,83.93,0.0
148,32,3,20.52,0.1
149,30,1,77.82,0.05
149,48,1,114.58,0.0
149,65,1,113.19,0.0
150,14,1,61.71,0.0
151,20,1,81.03,0.0
151,56,1,56.85,0.05
152,68,1,20.46,0.0
152,59,1,46.35,0.0
153,14,2,61.71,0.0
154,52,1,15.59,0.0
154,60,1,68.03,0.0
154,21,1,103.93,0.0
155,9,2,100.97,0.05
156,79,1,102.46,0.0
157,20,2,81.03,0.0
158,21,2,103.93,0.0
158,49,1,68.38,0.0
158,28,1,18.7,0.0
159,2,2,93.21,0.0
160,50,2,37.55,0.0
160,56,1,56.85,0.0
161,47,1,20.54,0.0
161,14,1,61.71,0.0
162,55,1,101.43,0.0
162,8,1,19.16,0.0
162,1,2,93.96,0.0
163,28,1,18.7,0.0
163,2,1,93.21,0.0
163,55,2,101.43,0.1
164,45,1,24.72,0.0
164,70,2,32.4,0.15
164,14,2,61.71,0.0
165,30,1,77.82,0.15
165,23,2,25.43,0.05
166,22,2,108.7,0.0
166,12,1,77.59,0.0
167,54,1,71.6,0.0
167,69,1,15.92,0.0
167,53,1,20.02,0.0
168,24,1,47.6,0.05
168,33,2,53.94,0.0
168,76,1,92.77,0.0
169,12,1,77.59,0.0
169,10,1,94.91,0.0
170,44,1,91.8,0.0
170,61,1,39.97,0.0
171,70,2,32.4,0.0
172,17,1,97.47,0.0
172,49,1,68.38,0.0
172,13,1,109.04,0.0
173,60,2,68.03,0.0
173,72,2,84.03,0.0
174,6,1,117.21,0.0
175,74,1,110.96,0.0
175,13,2,109.04,0.0
176,8,1,19.16,0.0
177,15,3,86.91,0.1
177,41,1,29.16,0.0
178,54,3,71.6,0.0
179,43,1,112.75,0.15
180,32,1,20.52,0.0
180,27,1,73.52,0.0
181,23,2,25.43,0.0
181,54,1,71.6,0.0
181,29,1,73.98,0.0
182,69,2,15.92,0.0
182,34,1,107.04,0.0
182,14,1,61.71,0.0
183,79,1,102.46,0.1
184,16,1,81.1,0.05
184,76,1,92.77,0.0
184,49,1,68.38,0.0
185,71,2,115.04,0.0
185,58,1,90.35,0.0
186,7,2,59.59,0.0
186,28,1,18.7,0.0
186,38,2,57.55,0.05
187,75,2,72.36,0.1
188,40,2,32.32,0.0
188,33,2,53.94,0.0
188,10,1,94.91,0.0
189,16,1,81.1,0.0
190,20,1,81.03,0.0
190,44,1,91.8,0.0
190,45,1,24.72,0.0
191,77,1,68.82,0.0
191,58,1,90.35,0.15
192,39,1,46.29,0.0
193,54,1,71.6,0.0
193,72,1,84.03,0.0
193,79,2,102.46,0.0
194,9,1,100.97,0.0
194,30,1,77.82,0.05
194,24,1,47.6,0.05
195,63,1,35.56,0.0
196,57,1,106.25,0.0
196,73,2,26.54,0.0
197,52,2,15.59,0.0
198,15,1,86.91,0.0
198,70,1,32.4,0.0
198,36,1,49.55,0.0
199,74,1,110.96,0.1
199,41,1,29.16,0.0
200,64,3,25.87,0.05
201,15,1,86.91,0.05
201,40,2,32.32,0.1
202,7,1,59.59,0.0
202,62,1,54.29,0.05
203,4,1,85.6,0.0
203,65,2,113.19,0.0
204,79,1,102.46,0.0
205,63,3,35.56,0.0
206,13,1,109.04,0.0
207,59,2,46.35,0.0
207,13,2,109.04,0.05
208,69,1,15.92,0.0
209,19,1,45.38,0.05
210,48,1,114.58,0.0
210,40,1,32.32,0.0
211,8,1,19.16,0.0
212,28,1,18.7,0.0
213,25,2,71.98,0.0
213,22,1,108.7,0.0
214,22,1,108.7,0.1
214,2,2,93.21,0.0
214,44,1,91.8,0.05
215,78,1,92.15,0.0
216,6,1,117.21,0.1
217,9,1,100.97,0.0
217,67,2,19.1,0.0
217,17,1,97.47,0.15
218,44,1,91.8,0.0
218,22,1,108.7,0.0
218,9,1,100.97,0.0
218,43,1,112.75,0.0
219,40,1,32.32,0.0
220,64,1,25.87,0.1
220,43,1,112.75,0.0
220,42,1,70.67,0.0
220,7,1,59.59,0.0
221,50,2,37.55,0.05
221,26,1,109.01,0.0
222,26,1,109.01,0.0
222,61,3,39.97,0.0
223,19,1,45.38,0.0
224,63,3,35.56,0.0
225,12,2,77.59,0.0
225,39,2,46.29,0.0
226,22,1,108.7,0.0
227,9,1,100.97,0.0
228,65,1,113.19,0.15
228,69,1,15.92,0.0
229,75,1,72.36,0.0
230,52,1,15.59,0.1
231,17,2,97.47,0.0
231,54,2,71.6,0.1
231,30,1,77.82,0.0
232,79,1,102.46,0.0
233,4,1,85.6,0.0
233,44,1,91.8,0.1
233,78,2,92.15,0.0
233,64,1,25.87,0.0
234,5,1,83.93,0.0
234,64,1,25.87,0.0
234,1,1,93.96,0.0
235,54,1,71.6,0.0
235,40,1,32.32,0.0
236,59,1,46.35,0.0
237,33,3,53.94,0.0
237,10,2,94.91,0.0
238,42,2,70.67,0.0
238,23,2,25.43,0.0
239,52,1,15.59,0.0
239,28,2,18.7,0.0
239,47,2,20.54,0.0
240,26,1,109.01,0.1
241,15,1,86.91,0.0
242,8,2,19.16,0.0
243,20,1,81.03,0.0
243,33,2,53.94,0.0
244,14,2,61.71,0.0
244,53,1,20.02,0.05
245,17,1,97.47,0.0
246,46,1,30.67,0.0
246,53,1,20.02,0.0
247,66,2,108.76,0.0
248,17,1,97.47,0.0
248,45,1,24.72,0.0
249,71,1,115.04,0.0
250,4,1,85.6,0.0
250,50,1,37.55,0.0
251,10,1,94.91,0.0
251,52,1,15.59,0.0
252,7,1,59.59,0.0
253,17,1,97.47,0.0
254,78,2,92.15,0.0
255,9,1,100.97,0.0
255,45,1,24.72,0.0
256,37,3,40.74,0.0
257,41,1,29.16,0.0
257,27,1,73.52,0.15
257,11,1,47.3,0.0
257,31,2,118.45,0.0
258,14,1,61.71,0.05
258,74,1,110.96,0.0
259,79,2,102.46,0.0
260,9,2,100.97,0.0
261,32,1,20.52,0.0
262,73,2,26.54,0.0
263,55,1,101.43,0.0
263,51,1,113.5,0.0
263,64,2,25.87,0.0
264,76,3,92.77,0.0
264,13,1,109.04,0.0
264,16,1,81.1,0.0
264,34,2,107.04,0.0
265,24,1,47.6,0.05
266,51,1,113.5,0.0
266,1,1,93.96,0.0
267,43,1,112.75,0.0
267,33,3,53.94,0.0
267,14,1,61.71,0.1
268,68,1,20.46,0.05
268,54,1,71.6,0.0
268,4,1,85.6,0.0
269,19,1,45.38,0.0
269,78,1,92.15,0.0
269,80,1,99.82,0.0
270,79,1,102.46,0.1
270,24,1,47.6,0.0
271,11,1,47.3,0.0
272,41,2,29.16,0.0
272,19,1,45.38,0.0
272,75,1,72.36,0.05
273,80,1,99.82,0.0
274,69,1,15.92,0.0
274,15,1,86.91,0.0
275,25,1,71.98,0.0
275,75,1,72.36,0.05
275,37,1,40.74,0.0
276,11,1,47.3,0.05
276,70,2,32.4,0.0
277,15,2,86.91,0.0
278,54,1,71.6,0.0
278,38,1,57.55,0.0
278,47,2,20.54,0.0
279,47,1,20.54,0.0
280,26,1,109.01,0.0
280,27,1,73.52,0.0
281,43,1,112.75,0.0
282,27,1,73.52,0.0
283,41,2,29.16,0.0
284,9,2,100.97,0.0
284,79,1,102.46,0.0
285,44,2,91.8,0.0
285,46,1,30.67,0.05
286,28,1,18.7,0.0
286,43,3,112.75,0.0
286,2,1,93.21,0.0
286,80,1,99.82,0.0
287,19,2,45.38,0.0
287,33,1,53.94,0.0
288,62,2,54.29,0.0
289,61,1,39.97,0.0
290,35,2,108.34,0.0
291,77,2,68.82,0.0
291,54,2,71.6,0.0
291,7,1,59.59,0.0
291,21,1,103.93,0.0
292,16,2,81.1,0.0
293,47,1,20.54,0.0
294,36,1,49.55,0.0
295,14,1,61.71,0.1
295,61,1,39.97,0.0
295,24,1,47.6,0.1
296,63,1,35.56,0.0
297,6,1,117.21,0.05
297,10,1,94.91,0.0
297,29,1,73.98,0.0
298,40,1,32.32,0.0
298,60,3,68.03,0.0
299,3,1,78.37,0.0
299,12,1,77.59,0.0
299,54,2,71.6,0.1
300,70,1,32.4,0.0
300,69,1,15.92,0.0
300,54,2,71.6,0.0
300,44,1,91.8,0.0
301,61,1,39.97,0.0
302,4,2,85.6,0.0
303,9,1,100.97,0.0
304,75,2,72.36,0.0
304,77,1,68.82,0.0
304,17,1,97.47,0.0
305,51,1,113.5,0.1
306,24,1,47.6,0.0
307,72,1,84.03,0.0
308,58,2,90.35,0.0
309,42,1,70.67,0.0
310,5,1,83.93,0.0
310,34,1,107.04,0.0
311,49,1,68.38,0.05
312,76,1,92.77,0.0
313,20,1,81.03,0.0
313,60,2,68.03,0.0
313,39,1,46.29,0.0
314,21,1,103.93,0.0
315,39,1,46.29,0.0
315,69,1,15.92,0.0
316,59,1,46.35,0.0
316,56,2,56.85,0.0
316,10,1,94.91,0.0
317,71,3,115.04,0.0
318,69,1,15.92,0.0
319,40,2,32.32,0.0
319,12,1,77.59,0.0
320,15,1,86.91,0.0
320,70,1,32.4,0.05
321,28,3,18.7,0.0
322,28,2,18.7,0.0
322,18,1,101.86,0.0
322,16,1,81.1,0.1
323,71,2,115.04,0.0
324,61,1,39.97,0.0
324,43,1,112.75,0.0
325,17,1,97.47,0.0
326,21,1,103.93,0.0
326,79,1,102.46,0.0
327,48,1,114.58,0.0
328,31,1,118.45,0.0
328,48,2,114.58,0.05
329,28,2,18.7,0.1
329,6,1,117.21,0.0
330,16,1,81.1,0.0
330,44,1,91.8,0.05
331,76,1,92.77,0.0
332,19,1,45.38,0.05
332,56,1,56.85,0.05
332,74,1,110.96,0.0
333,43,1,112.75,0.0
333,49,2,68.38,0.05
333,14,1,61.71,0.1
334,50,1,37.55,0.0
334,13,2,109.04,0.0
335,36,1,49.55,0.0
336,18,2,101.86,0.0
337,49,1,68.38,0.1
337,74,1,110.96,0.0
337,8,2,19.16,0.0
338,42,1,70.67,0.0
339,57,1,106.25,0.0
340,5,1,83.93,0.0
340,75,1,72.36,0.0
340,15,2,86.91,0.0
341,8,2,19.16,0.0
342,37,1,40.74,0.0
343,3,2,78.37,0.0
344,45,1,24.72,0.0
345,19,1,45.38,0.0
345,78,1,92.15,0.0
346,75,1,72.36,0.0
346,64,1,25.87,0.0
346,29,1,73.98,0.15
347,41,1,29.16,0.0
347,27,1,73.52,0.0
347,46,1,30.67,0.0
348,21,2,103.93,0.0
349,80,1,99.82,0.0
350,7,1,59.59,0.0
350,41,1,29.16,0.0
350,20,1,81.03,0.05
351,56,1,56.85,0.0
351,18,1,101.86,0.0
351,60,1,68.03,0.0
352,57,1,106.25,0.0
352,43,1,112.75,0.0
353,33,1,53.94,0.1
354,28,1,18.7,0.0
354,30,1,77.82,0.0
355,41,2,29.16,0.0
356,75,1,72.36,0.0
357,57,1,106.25,0.0
358,47,1,20.54,0.0
358,75,1,72.36,0.1
359,25,2,71.98,0.0
360,29,2,73.98,0.0
360,21,1,103.93,0.0
361,57,1,106.25,0.0
361,66,1,108.76,0.0
361,6,1,117.21,0.0
362,80,1,99.82,0.0
363,42,1,70.67,0.0
364,39,1,46.29,0.0
364,61,1,39.97,0.1
365,60,1,68.03,0.0
365,70,1,32.4,0.0
366,55,1,101.43,0.0
366,31,1,118.45,0.05
366,20,1,81.03,0.0
367,42,1,70.67,0.0
367,35,2,108.34,0.1
367,29,1,73.98,0.0
368,55,2,101.43,0.0
368,21,1,103.93,0.0
369,30,1,77.82,0.0
370,9,1,100.97,0.0
370,46,3,30.67,0.0
371,70,2,32.4,0.0
372,22,1,108.7,0.0
372,5,1,83.93,0.0
372,33,1,53.94,0.1
372,35,1,108.34,0.0
373,79,2,102.46,0.0
374,7,2,59.59,0.0
374,4,1,85.6,0.1
375,61,3,39.97,0.05
375,48,1,114.58,0.0
376,64,1,25.87,0.0
377,31,1,118.45,0.0
378,70,2,32.4,0.05
379,58,3,90.35,0.0
380,29,1,73.98,0.0
380,19,1,45.38,0.0
381,58,1,90.35,0.0
381,77,1,68.82,0.15
381,34,1,107.04,0.0
382,50,1,37.55,0.0
383,76,2,92.77,0.1
384,64,1,25.87,0.0
385,55,2,101.43,0.0
385,66,1,108.76,0.0
385,6,2,117.21,0.0
386,19,1,45.38,0.0
387,14,1,61.71,0.0
388,73,1,26.54,0.0
389,48,2,114.58,0.0
389,6,2,117.21,0.0
390,24,1,47.6,0.0
390,12,1,77.59,0.0
391,78,1,92.15,0.0
391,27,1,73.52,0.0
392,34,3,107.04,0.0
392,49,1,68.38,0.05
392,78,1,92.15,0.0
393,21,2,103.93,0.0
394,77,1,68.82,0.0
395,2,1,93.21,0.0
395,37,1,40.74,0.0
396,48,1,114.58,0.0
396,76,1,92.77,0.0
397,49,1,68.38,0.0
397,22,2,108.7,0.0
397,11,1,47.3,0.0
397,56,1,56.85,0.0
398,20,1,81.03,0.0
399,52,2,15.59,0.0
399,36,3,49.55,0.0
400,19,1,45.38,0.0
400,7,1,59.59,0.0
401,32,1,20.52,0.0
402,52,1,15.59,0.0
403,40,1,32.32,0.0
404,6,3,117.21,0.0
404,47,1,20.54,0.15
404,2,1,93.21,0.0
404,68,1,20.46,0.0
405,44,1,91.8,0.0
405,18,3,101.86,0.0
406,25,1,71.98,0.0
406,55,2,101.43,0.0
406,32,1,20.52,0.0
407,11,1,47.3,0.0
407,2,2,93.21,0.0
408,21,2,103.93,0.0
408,67,1,19.1,0.0
409,42,1,70.67,0.1
409,76,2,92.77,0.0
410,3,1,78.37,0.0
411,79,1,102.46,0.05
412,15,1,86.91,0.0
412,35,1,108.34,0.0
412,18,1,101.86,0.0
413,10,1,94.91,0.0
413,33,1,53.94,0.0
414,25,3,71.98,0.0
414,32,2,20.52,0.0
415,35,1,108.34,0.0
415,53,1,20.02,0.0
416,46,1,30.67,0.05
416,3,1,78.37,0.0
417,33,1,53.94,0.0
418,50,1,37.55,0.0
419,5,1,83.93,0.0
419,24,2,47.6,0.0
420,41,1,29.16,0.0
420,3,1,78.37,0.0
421,65,1,113.19,0.0
422,59,2,46.35,0.0
423,37,1,40.74,0.0
424,55,3,101.43,0.15
424,76,2,92.77,0.0
424,23,2,25.43,0.0
424,25,2,71.98,0.0
425,5,1,83.93,0.0
425,47,2,20.54,0.0
425,34,1,107.04,0.0
426,75,2,72.36,0.0
427,56,2,56.85,0.0
427,63,1,35.56,0.0
427,11,1,47.3,0.0
428,52,2,15.59,0.0
428,53,1,20.02,0.0
429,34,1,107.04,0.0
430,24,1,47.6,0.0
431,62,1,54.29,0.0
432,52,1,15.59,0.0
433,56,1,56.85,0.0
434,28,1,18.7,0.0
435,4,2,85.6,0.0
435,53,1,20.02,0.0
435,28,1,18.7,0.0
436,72,1,84.03,0.0
436,32,1,20.52,0.0
437,39,2,46.29,0.0
438,5,1,83.93,0.0
439,34,1,107.04,0.0
439,15,1,86.91,0.0
440,63,1,35.56,0.0
440,33,1,53.94,0.0
440,32,1,20.52,0.0
441,68,1,20.46,0.0
441,69,1,15.92,0.05
442,23,2,25.43,0.0
442,73,2,26.54,0.0
442,15,1,86.91,0.05
443,20,1,81.03,0.0
443,44,1,91.8,0.0
443,4,1,85.6,0.05
444,80,1,99.82,0.05
444,34,2,107.04,0.05
445,13,1,109.04,0.0
445,76,2,92.77,0.0
445,57,1,106.25,0.0
446,20,1,81.03,0.05
446,40,1,32.32,0.0
446,42,1,70.67,0.0
446,47,2,20.54,0.0
447,68,1,20.46,0.0
448,58,1,90.35,0.0
449,8,1,19.16,0.0
450,31,1,118.45,0.0
451,24,1,47.6,0.0
451,74,1,110.96,0.05
452,48,1,114.58,0.0
452,11,1,47.3,0.0
452,7,1,59.59,0.0
453,34,1,107.04,0.0
453,45,1,24.72,0.0
454,60,2,68.03,0.0
454,46,3,30.67,0.0
455,55,1,101.43,0.0
456,35,1,108.34,0.0
456,34,1,107.04,0.0
457,59,1,46.35,0.0
458,37,1,40.74,0.0
459,22,3,108.7,0.0
460,36,1,49.55,0.0
461,74,1,110.96,0.0
461,68,1,20.46,0.0
461,6,1,117.21,0.0
461,80,1,99.82,0.0
462,21,1,103.93,0.15
463,36,1,49.55,0.05
463,43,1,112.75,0.0
463,1,1,93.96,0.0
464,28,1,18.7,0.0
464,32,1,20.52,0.0
465,9,1,100.97,0.0
466,67,2,19.1,0.0
467,47,1,20.54,0.05
467,42,1,70.67,0.0
467,7,2,59.59,0.0
468,4,1,85.6,0.0
468,50,1,37.55,0.0
469,46,1,30.67,0.0
469,17,1,97.47,0.15
469,69,2,15.92,0.0
469,58,1,90.35,0.0
470,59,1,46.35,0.05
470,70,1,32.4,0.0
471,68,1,20.46,0.0
472,77,2,68.82,0.0
472,70,1,32.4,0.0
473,53,1,20.02,0.05
474,18,2,101.86,0.0
474,45,1,24.72,0.0
475,11,1,47.3,0.0
475,15,1,86.91,0.0
475,1,1,93.96,0.0
476,26,1,109.01,0.0
477,51,1,113.5,0.0
478,57,1,106.25,0.0
478,73,1,26.54,0.0
479,12,2,77.59,0.0
479,70,1,32.4,0.0
480,21,1,103.93,0.0
480,8,1,19.16,0.0
480,22,3,108.7,0.15
481,4,2,85.6,0.0
481,60,2,68.03,0.0
482,45,1,24.72,0.0
482,46,1,30.67,0.15
483,15,2,86.91,0.0
483,14,1,61.71,0.0
483,34,1,107.04,0.0
484,30,1,77.82,0.0
484,41,2,29.16,0.05
485,36,1,49.55,0.05
485,19,1,45.38,0.1
485,61,1,39.97,0.0
486,23,1,25.43,0.0
486,31,1,118.45,0.0
486,38,1,57.55,0.0
487,14,1,61.71,0.0
488,80,1,99.82,0.15
488,53,1,20.02,0.0
488,48,1,114.58,0.0
489,68,1,20.46,0.0
490,9,3,100.97,0.05
490,5,2,83.93,0.0
490,55,1,101.43,0.0
490,23,1,25.43,0.0
491,27,1,73.52,0.0
492,44,2,91.8,0.0
492,71,1,115.04,0.0
493,4,1,85.6,0.0
493,25,1,71.98,0.0
493,30,1,77.82,0.0
493,67,2,19.1,0.0
494,11,1,47.3,0.15
495,30,1,77.82,0.0
496,60,1,68.03,0.0
496,16,1,81.1,0.0
497,59,1,46.35,0.1
497,36,2,49.55,0.0
497,51,2,113.5,0.0
498,55,1,101.43,0.0
498,70,1,32.4,0.0
499,14,1,61.71,0.0
500,35,1,108.34,0.0
500,78,1,92.15,0.0
501,69,2,15.92,0.0
501,14,1,61.71,0.0
502,27,1,73.52,0.0
502,2,1,93.21,0.0
503,54,1,71.6,0.0
504,46,1,30.67,0.0
504,8,3,19.16,0.0
504,50,2,37.55,0.0
505,4,2,85.6,0.0
505,49,1,68.38,0.0
506,25,2,71.98,0.0
506,52,1,15.59,0.0
506,18,1,101.86,0.0
507,3,1,78.37,0.0
508,38,1,57.55,0.0
509,49,1,68.38,0.0
509,69,1,15.92,0.0
510,4,1,85.6,0.0
510,2,2,93.21,0.05
511,49,1,68.38,0.05
512,70,1,32.4,0.0
512,75,2,72.36,0.0
513,46,1,30.67,0.0
513,17,2,97.47,0.0
513,45,1,24.72,0.0
514,34,1,107.04,0.0
514,74,1,110.96,0.1
514,1,2,93.96,0.0
515,11,1,47.3,0.0
515,9,2,100.97,0.0
516,48,1,114.58,0.0
516,63,1,35.56,0.0
517,46,1,30.67,0.0
517,47,2,20.54,0.0
517,35,1,108.34,0.0
517,73,1,26.54,0.1
518,76,1,92.77,0.1
518,80,1,99.82,0.0
519,45,1,24.72,0.0
520,26,1,109.01,0.0
521,30,1,77.82,0.05
521,76,2,92.77,0.05
521,57,2,106.25,0.0
522,4,1,85.6,0.0
522,24,2,47.6,0.0
522,12,1,77.59,0.1
523,57,1,106.25,0.1
523,4,1,85.6,0.0
524,74,1,110.96,0.0
524,57,1,106.25,0.0
524,31,1,118.45,0.0
525,51,2,113.5,0.0
525,79,1,102.46,0.0
526,50,1,37.55,0.0
526,8,1,19.16,0.1
526,52,1,15.59,0.0
527,73,2,26.54,0.0
527,51,2,113.5,0.0
528,31,2,118.45,0.0
529,9,1,100.97,0.0
530,10,1,94.91,0.0
530,67,1,19.1,0.0
530,50,2,37.55,0.0
531,38,1,57.55,0.0
532,75,1,72.36,0.0
533,55,2,101.43,0.0
534,54,3,71.6,0.0
535,9,1,100.97,0.0
535,15,2,86.91,0.0
535,38,1,57.55,0.0
536,60,3,68.03,0.0
536,27,1,73.52,0.0
537,23,2,25.43,0.0
537,17,1,97.47,0.0
538,23,1,25.43,0.0
539,79,1,102.46,0.0
539,57,3,106.25,0.0
539,52,2,15.59,0.0
540,30,1,77.82,0.0
541,20,3,81.03,0.0
541,76,2,92.77,0.0
542,51,1,113.5,0.05
542,30,1,77.82,0.0
542,80,1,99.82,0.0
542,37,1,40.74,0.0
543,17,1,97.47,0.0
543,11,1,47.3,0.0
544,72,1,84.03,0.0
545,64,1,25.87,0.0
545,68,1,20.46,0.1
546,31,2,118.45,0.0
546,64,1,25.87,0.0
547,19,2,45.38,0.0
547,5,1,83.93,0.0
548,14,2,61.71,0.0
548,80,1,99.82,0.0
548,40,3,32.32,0.0
549,14,2,61.71,0.05
550,14,1,61.71,0.0
551,39,1,46.29,0.0
552,31,2,118.45,0.0
552,19,1,45.38,0.0
553,66,1,108.76,0.0
553,31,1,118.45,0.0
553,45,2,24.72,0.0
553,27,1,73.52,0.0
554,34,1,107.04,0.05
554,27,1,73.52,0.0
555,51,1,113.5,0.0
555,35,1,108.34,0.0
555,17,1,97.47,0.1
556,5,1,83.93,0.0
556,11,2,47.3,0.0
556,53,2,20.02,0.0
557,74,1,110.96,0.0
558,5,1,83.93,0.05
558,72,1,84.03,0.1
559,44,2,91.8,0.0
560,78,1,92.15,0.0
561,50,1,37.55,0.0
561,59,2,46.35,0.0
561,47,1,20.54,0.0
562,24,1,47.6,0.0
563,44,3,91.8,0.0
563,18,1,101.86,0.15
564,20,1,81.03,0.1
564,5,1,83.93,0.0
565,39,2,46.29,0.0
566,66,1,108.76,0.05
566,28,1,18.7,0.0
567,32,2,20.52,0.05
568,65,1,113.19,0.0
569,55,3,101.43,0.0
569,18,1,101.86,0.05
570,23,1,25.43,0.0
570,28,1,18.7,0.0
571,77,2,68.82,0.0
571,41,1,29.16,0.0
572,15,1,86.91,0.0
572,4,3,85.6,0.0
572,39,1,46.29,0.0
573,17,3,97.47,0.0
574,54,2,71.6,0.0
574,27,3,73.52,0.0
575,11,1,47.3,0.0
575,80,1,99.82,0.0
576,9,2,100.97,0.0
577,53,1,20.02,0.0
578,74,1,110.96,0.0
579,18,1,101.86,0.0
579,80,3,99.82,0.0
579,54,1,71.6,0.0
580,78,2,92.15,0.0
581,3,1,78.37,0.0
581,38,1,57.55,0.0
582,6,1,117.21,0.05
583,61,1,39.97,0.0
583,24,1,47.6,0.15
584,55,1,101.43,0.0
585,20,1,81.03,0.0
586,30,1,77.82,0.0
586,6,2,117.21,0.0
587,25,1,71.98,0.0
588,28,1,18.7,0.0
588,17,2,97.47,0.0
589,20,1,81.03,0.05
589,68,1,20.46,0.0
589,74,1,110.96,0.05
590,63,2,35.56,0.0
591,58,2,90.35,0.0
591,52,2,15.59,0.0
591,35,3,108.34,0.0
592,51,2,113.5,0.0
593,62,1,54.29,0.0
593,65,1,113.19,0.0
594,37,2,40.74,0.0
594,24,1,47.6,0.0
595,39,1,46.29,0.0
595,72,1,84.03,0.0
596,13,1,109.04,0.0
597,44,2,91.8,0.0
597,64,1,25.87,0.0
598,34,1,107.04,0.0
599,22,1,108.7,0.0
599,60,1,68.03,0.0
600,18,1,101.86,0.05
